{
  "accuracy": [
    0.6245880126953125,
    0.6945970058441162,
    0.7339458465576172,
    0.7620593309402466,
    0.7880755066871643,
    0.8131428956985474,
    0.8356137275695801,
    0.8486467599868774,
    0.8700689077377319,
    0.8815540075302124,
    0.8994807004928589,
    0.905622661113739,
    0.9161090850830078,
    0.9198541641235352,
    0.9298412203788757,
    0.9376810193061829,
    0.9411265254020691,
    0.9496654272079468,
    0.9511634707450867,
    0.9575052261352539,
    0.9577049612998962,
    0.9596025347709656,
    0.96299809217453,
    0.9646459817886353,
    0.9687406420707703,
    0.9696394801139832,
    0.9715369939804077
  ],
  "auc_pr": [
    0.647243320941925,
    0.7396016120910645,
    0.7947507500648499,
    0.825195848941803,
    0.849891722202301,
    0.880163311958313,
    0.8970546722412109,
    0.9126442074775696,
    0.9327185750007629,
    0.941564679145813,
    0.9556578397750854,
    0.9596389532089233,
    0.9649375677108765,
    0.971227765083313,
    0.976280927658081,
    0.9784150719642639,
    0.9808589220046997,
    0.9850984811782837,
    0.9872663021087646,
    0.9900695085525513,
    0.990037202835083,
    0.9911550283432007,
    0.9933070540428162,
    0.9919262528419495,
    0.9942458868026733,
    0.9942890405654907,
    0.9952462911605835
  ],
  "loss": [
    0.7294332981109619,
    0.6071707010269165,
    0.5424744486808777,
    0.49986064434051514,
    0.4624723196029663,
    0.4175059199333191,
    0.3874129354953766,
    0.3594631254673004,
    0.32255592942237854,
    0.29984766244888306,
    0.2677551805973053,
    0.25092029571533203,
    0.23248563706874847,
    0.21640312671661377,
    0.19794873893260956,
    0.18477016687393188,
    0.17298874258995056,
    0.15735933184623718,
    0.14689619839191437,
    0.1345752328634262,
    0.13088595867156982,
    0.1225053071975708,
    0.11356960982084274,
    0.11227498948574066,
    0.1048465222120285,
    0.10241319984197617,
    0.09495209157466888
  ],
  "val_accuracy": [
    0.45418500900268555,
    0.5726872086524963,
    0.5779735445976257,
    0.6334801912307739,
    0.6881057024002075,
    0.7105726599693298,
    0.7524229288101196,
    0.7766519784927368,
    0.784140944480896,
    0.808370053768158,
    0.8211453557014465,
    0.8392070531845093,
    0.8506608009338379,
    0.8616740107536316,
    0.8687224388122559,
    0.87533038854599,
    0.8872246742248535,
    0.8863435983657837,
    0.890748918056488,
    0.891189455986023,
    0.8933920860290527,
    0.899559497833252,
    0.8986784219741821,
    0.8969162702560425,
    0.9008810520172119,
    0.9008810520172119,
    0.9026431441307068
  ],
  "val_auc_pr": [
    0.15489673614501953,
    0.1626485288143158,
    0.17435956001281738,
    0.1735846847295761,
    0.17466944456100464,
    0.17291851341724396,
    0.18599946796894073,
    0.17622292041778564,
    0.17589464783668518,
    0.18366049230098724,
    0.19291236996650696,
    0.18525080382823944,
    0.19408708810806274,
    0.1949349194765091,
    0.202859029173851,
    0.20435166358947754,
    0.2081824690103531,
    0.20349588990211487,
    0.19268029928207397,
    0.1877232789993286,
    0.18797409534454346,
    0.18160147964954376,
    0.18919315934181213,
    0.18116089701652527,
    0.1773943305015564,
    0.18746417760849,
    0.1861792653799057
  ],
  "val_loss": [
    0.7179297804832458,
    0.6969620585441589,
    0.6849800944328308,
    0.6534825563430786,
    0.6139325499534607,
    0.5795527100563049,
    0.5304861068725586,
    0.4864741265773773,
    0.4589941203594208,
    0.4192203879356384,
    0.3979806900024414,
    0.3730090856552124,
    0.35725295543670654,
    0.35563239455223083,
    0.3483695387840271,
    0.3409458100795746,
    0.3374139666557312,
    0.3351108729839325,
    0.34029969573020935,
    0.3423152565956116,
    0.346598356962204,
    0.35276561975479126,
    0.3486982583999634,
    0.35297149419784546,
    0.3531239926815033,
    0.35294437408447266,
    0.349174827337265
  ],
  "learning_rate": [
    0.0003000000142492354,
    0.0003000000142492354,
    0.0003000000142492354,
    0.0003000000142492354,
    0.0003000000142492354,
    0.0003000000142492354,
    0.0003000000142492354,
    0.0003000000142492354,
    0.0003000000142492354,
    0.0003000000142492354,
    0.0003000000142492354,
    0.0003000000142492354,
    0.0003000000142492354,
    0.0003000000142492354,
    0.0003000000142492354,
    0.0003000000142492354,
    0.0003000000142492354,
    0.0003000000142492354,
    0.0003000000142492354,
    0.0003000000142492354,
    0.0003000000142492354,
    0.0003000000142492354,
    0.0001500000071246177,
    0.0001500000071246177,
    0.0001500000071246177,
    0.0001500000071246177,
    7.500000356230885e-05
  ]
}