{
  "accuracy": [
    0.6150004863739014,
    0.681813657283783,
    0.7187656164169312,
    0.7442324757575989,
    0.7692499756813049,
    0.7819834351539612,
    0.8055028319358826,
    0.8221811652183533,
    0.8344152569770813,
    0.8458004593849182,
    0.8590831756591797,
    0.8699191212654114,
    0.8786577582359314,
    0.8870967626571655,
    0.893388569355011,
    0.9054728746414185,
    0.9104663729667664,
    0.9140117764472961,
    0.9218515753746033,
    0.9270947575569153,
    0.9331369400024414,
    0.9357835054397583,
    0.937381386756897,
    0.9456706047058105,
    0.942574679851532,
    0.9470188617706299,
    0.9546589255332947,
    0.953660249710083,
    0.9534105658531189
  ],
  "auc_pr": [
    0.6318663954734802,
    0.715381383895874,
    0.7666510939598083,
    0.7996958494186401,
    0.831122875213623,
    0.8505674004554749,
    0.8720648884773254,
    0.8896356225013733,
    0.8994438648223877,
    0.9059760570526123,
    0.9236552119255066,
    0.9306607246398926,
    0.9386168718338013,
    0.9450165629386902,
    0.9522467851638794,
    0.9587894082069397,
    0.9630777835845947,
    0.9663383364677429,
    0.971322774887085,
    0.9733096361160278,
    0.9764664173126221,
    0.9772775173187256,
    0.9794902801513672,
    0.9847105145454407,
    0.9827679395675659,
    0.9849077463150024,
    0.9874117970466614,
    0.987811803817749,
    0.98872309923172
  ],
  "loss": [
    1.2473993301391602,
    1.103315830230713,
    1.032508373260498,
    0.9775116443634033,
    0.9240373373031616,
    0.8877214789390564,
    0.8450562357902527,
    0.8090928792953491,
    0.7802237272262573,
    0.7585806250572205,
    0.7217633128166199,
    0.6989912390708923,
    0.6750419735908508,
    0.6539880037307739,
    0.6309571862220764,
    0.6078082323074341,
    0.5908581614494324,
    0.5764564871788025,
    0.5571215152740479,
    0.5426076650619507,
    0.525842010974884,
    0.5169102549552917,
    0.5060255527496338,
    0.4849209189414978,
    0.4856450855731964,
    0.47279801964759827,
    0.45616415143013,
    0.45000985264778137,
    0.442827045917511
  ],
  "val_accuracy": [
    0.6960352659225464,
    0.6295154094696045,
    0.6211453676223755,
    0.6541849970817566,
    0.683700442314148,
    0.7114537358283997,
    0.7427312731742859,
    0.7607929706573486,
    0.774449348449707,
    0.7845814824104309,
    0.7885462641716003,
    0.8044052720069885,
    0.8118942975997925,
    0.8202643394470215,
    0.8308370113372803,
    0.8339207172393799,
    0.8462554812431335,
    0.857268750667572,
    0.8634361028671265,
    0.8682819604873657,
    0.8691629767417908,
    0.8682819604873657,
    0.8700440526008606,
    0.8744493126869202,
    0.8757709264755249,
    0.8828193545341492,
    0.8863435983657837,
    0.8867841362953186,
    0.8894273042678833
  ],
  "val_auc_pr": [
    0.16159698367118835,
    0.16941015422344208,
    0.1759936362504959,
    0.17756426334381104,
    0.17838917672634125,
    0.17588329315185547,
    0.1763859987258911,
    0.1803797483444214,
    0.18635493516921997,
    0.1855241358280182,
    0.18743987381458282,
    0.19673101603984833,
    0.18921621143817902,
    0.18847110867500305,
    0.1832655519247055,
    0.18903739750385284,
    0.197966068983078,
    0.1947949379682541,
    0.2040095329284668,
    0.1919688880443573,
    0.18773294985294342,
    0.19838184118270874,
    0.1948433667421341,
    0.2000086009502411,
    0.19939380884170532,
    0.1941693276166916,
    0.1868422031402588,
    0.20223453640937805,
    0.19558455049991608
  ],
  "val_loss": [
    1.1351653337478638,
    1.1274946928024292,
    1.1115962266921997,
    1.0693625211715698,
    1.0326448678970337,
    0.986348569393158,
    0.938859760761261,
    0.9004876017570496,
    0.8651171922683716,
    0.8438298106193542,
    0.8222486972808838,
    0.7990482449531555,
    0.783622145652771,
    0.7724719047546387,
    0.760161280632019,
    0.7462433576583862,
    0.7320799827575684,
    0.7155588269233704,
    0.7032387256622314,
    0.7005821466445923,
    0.7092026472091675,
    0.7021006345748901,
    0.6905592083930969,
    0.6846100091934204,
    0.6805707216262817,
    0.6800030469894409,
    0.6815800666809082,
    0.6745453476905823,
    0.6715949177742004
  ],
  "learning_rate": [
    0.0003000000142492354,
    0.0003000000142492354,
    0.0003000000142492354,
    0.0003000000142492354,
    0.0003000000142492354,
    0.0003000000142492354,
    0.0003000000142492354,
    0.0003000000142492354,
    0.0003000000142492354,
    0.0003000000142492354,
    0.0003000000142492354,
    0.0003000000142492354,
    0.0003000000142492354,
    0.0003000000142492354,
    0.0003000000142492354,
    0.0003000000142492354,
    0.0003000000142492354,
    0.0003000000142492354,
    0.0003000000142492354,
    0.0003000000142492354,
    0.0003000000142492354,
    0.0003000000142492354,
    0.0003000000142492354,
    0.0003000000142492354,
    0.0003000000142492354,
    0.0003000000142492354,
    0.0003000000142492354,
    0.0003000000142492354,
    0.0003000000142492354
  ]
}