{
  "accuracy": [
    0.530950129032135,
    0.5589839816093445,
    0.5862652659416199,
    0.6053621768951416,
    0.6282219886779785,
    0.6495766639709473,
    0.6740357279777527,
    0.7016932964324951,
    0.7179679870605469,
    0.7434619069099426,
    0.7682031989097595,
    0.7865474820137024,
    0.803198516368866,
    0.8229538798332214,
    0.8352774977684021,
    0.8479773998260498,
    0.8561618328094482,
    0.8668861985206604,
    0.8800564408302307,
    0.8856067657470703,
    0.8959548473358154,
    0.8967074155807495,
    0.9031044244766235,
    0.908842921257019,
    0.9127939939498901,
    0.9130762219429016,
    0.9161806106567383,
    0.9179680347442627,
    0.9248353838920593,
    0.9246472120285034,
    0.9286924004554749,
    0.9297271966934204,
    0.928880512714386,
    0.9293509125709534,
    0.932079017162323,
    0.9325494170188904,
    0.9334900975227356,
    0.93245530128479,
    0.9329257011413574,
    0.9355597496032715,
    0.9354656338691711,
    0.9365004897117615,
    0.9354656338691711,
    0.936594545841217,
    0.9360300898551941,
    0.9391345381736755,
    0.936782717704773,
    0.939793050289154,
    0.9386641383171082,
    0.940357506275177,
    0.937535285949707
  ],
  "auc_pr": [
    0.06667085736989975,
    0.07931525260210037,
    0.07793182134628296,
    0.08480305224657059,
    0.08353830873966217,
    0.08046601712703705,
    0.08283382654190063,
    0.08978120982646942,
    0.07634510099887848,
    0.08400176465511322,
    0.08483043313026428,
    0.08827555179595947,
    0.09220880270004272,
    0.10271136462688446,
    0.09577488899230957,
    0.08522531390190125,
    0.09028621017932892,
    0.08269789814949036,
    0.10067746043205261,
    0.1063133180141449,
    0.11145494133234024,
    0.10303962230682373,
    0.11352579295635223,
    0.1030789166688919,
    0.10530248284339905,
    0.11537022888660431,
    0.11925427615642548,
    0.12980425357818604,
    0.13916823267936707,
    0.14675484597682953,
    0.14624978601932526,
    0.14199607074260712,
    0.14906516671180725,
    0.1489850878715515,
    0.14037752151489258,
    0.17610269784927368,
    0.1754157841205597,
    0.16385090351104736,
    0.1675601452589035,
    0.18190757930278778,
    0.17166095972061157,
    0.21452675759792328,
    0.20383162796497345,
    0.20349858701229095,
    0.2163265347480774,
    0.21408845484256744,
    0.2195746898651123,
    0.24401554465293884,
    0.23805326223373413,
    0.25048795342445374,
    0.2376774549484253
  ],
  "loss": [
    0.9037444591522217,
    0.8135250806808472,
    0.763383150100708,
    0.720903217792511,
    0.6853219270706177,
    0.6558732390403748,
    0.6241671442985535,
    0.6006647348403931,
    0.5786260366439819,
    0.5518106818199158,
    0.5331366658210754,
    0.50649094581604,
    0.4848112463951111,
    0.4621618688106537,
    0.4427204430103302,
    0.43074119091033936,
    0.41359102725982666,
    0.3970127999782562,
    0.37486302852630615,
    0.36142146587371826,
    0.3471289873123169,
    0.336895227432251,
    0.3197126090526581,
    0.3164324462413788,
    0.30410096049308777,
    0.2957978844642639,
    0.28459370136260986,
    0.2767806947231293,
    0.26731428503990173,
    0.26097893714904785,
    0.25479772686958313,
    0.24998998641967773,
    0.24868209660053253,
    0.245423823595047,
    0.24141189455986023,
    0.2338317334651947,
    0.22837315499782562,
    0.23076298832893372,
    0.22610260546207428,
    0.22182708978652954,
    0.22174325585365295,
    0.21387456357479095,
    0.21406082808971405,
    0.21194317936897278,
    0.2093716263771057,
    0.20666439831256866,
    0.20771059393882751,
    0.2031182050704956,
    0.20318903028964996,
    0.20089320838451385,
    0.2027565836906433
  ],
  "val_accuracy": [
    0.7466960549354553,
    0.8356828093528748,
    0.8779735565185547,
    0.9008810520172119,
    0.907929539680481,
    0.915859043598175,
    0.9229074716567993,
    0.9273127913475037,
    0.9290748834609985,
    0.9286343455314636,
    0.9308369755744934,
    0.9321585893630981,
    0.9325991272926331,
    0.9321585893630981,
    0.933039665222168,
    0.9334802031517029,
    0.933920681476593,
    0.9352422952651978,
    0.9356828331947327,
    0.9348017573356628,
    0.9348017573356628,
    0.9348017573356628,
    0.9352422952651978,
    0.9352422952651978,
    0.9352422952651978,
    0.9348017573356628,
    0.9348017573356628,
    0.9352422952651978,
    0.9356828331947327,
    0.9356828331947327,
    0.9356828331947327,
    0.9356828331947327,
    0.9356828331947327,
    0.9356828331947327,
    0.9352422952651978,
    0.9356828331947327,
    0.9352422952651978,
    0.9348017573356628,
    0.9348017573356628,
    0.9348017573356628,
    0.9348017573356628,
    0.9348017573356628,
    0.9348017573356628,
    0.9348017573356628,
    0.9348017573356628,
    0.9348017573356628,
    0.9352422952651978,
    0.9352422952651978,
    0.9352422952651978,
    0.9352422952651978,
    0.9343612194061279
  ],
  "val_auc_pr": [
    0.06739315390586853,
    0.07263777405023575,
    0.07974831759929657,
    0.08017576485872269,
    0.083218052983284,
    0.08646324276924133,
    0.09132856130599976,
    0.09049464017152786,
    0.09308801591396332,
    0.09729664027690887,
    0.10336106270551682,
    0.09926075488328934,
    0.10838004946708679,
    0.11773969978094101,
    0.12462766468524933,
    0.1360846757888794,
    0.1353248655796051,
    0.14188042283058167,
    0.1420729160308838,
    0.1340845823287964,
    0.14149196445941925,
    0.14073392748832703,
    0.1381496787071228,
    0.14807528257369995,
    0.15854507684707642,
    0.16120480000972748,
    0.16706344485282898,
    0.1735924482345581,
    0.1732533872127533,
    0.18191397190093994,
    0.174796000123024,
    0.17868441343307495,
    0.18766656517982483,
    0.1813410520553589,
    0.18208599090576172,
    0.18225246667861938,
    0.1840020716190338,
    0.178665429353714,
    0.179756760597229,
    0.19004002213478088,
    0.19090047478675842,
    0.1884060502052307,
    0.1899225413799286,
    0.18664763867855072,
    0.18690329790115356,
    0.18834665417671204,
    0.1827002465724945,
    0.18480606377124786,
    0.1857597827911377,
    0.18516303598880768,
    0.18223752081394196
  ],
  "val_loss": [
    0.6614950299263,
    0.6345452666282654,
    0.6079769134521484,
    0.5831985473632812,
    0.562104344367981,
    0.5452330112457275,
    0.5249356031417847,
    0.505500078201294,
    0.4886120855808258,
    0.4749641716480255,
    0.4528919458389282,
    0.44025275111198425,
    0.4222891926765442,
    0.4061208963394165,
    0.38586845993995667,
    0.37297794222831726,
    0.359250009059906,
    0.34157928824424744,
    0.3294970691204071,
    0.31620755791664124,
    0.303266316652298,
    0.2935229241847992,
    0.28562137484550476,
    0.2767723500728607,
    0.268887996673584,
    0.2611764669418335,
    0.25681114196777344,
    0.2513633072376251,
    0.24601887166500092,
    0.2417958527803421,
    0.2405010163784027,
    0.23661655187606812,
    0.23267102241516113,
    0.232635498046875,
    0.23131832480430603,
    0.23005086183547974,
    0.22925186157226562,
    0.22976483404636383,
    0.22988052666187286,
    0.22650840878486633,
    0.2262067198753357,
    0.22598713636398315,
    0.22524484992027283,
    0.2259504795074463,
    0.22536714375019073,
    0.2254263460636139,
    0.2262321263551712,
    0.22610296308994293,
    0.22624710202217102,
    0.22638604044914246,
    0.22674305737018585
  ],