{
  "accuracy": [
    0.6276839971542358,
    0.69989013671875,
    0.7385398745536804,
    0.7702986001968384,
    0.7930190563201904,
    0.8042544722557068,
    0.8080994486808777,
    0.826675295829773,
    0.8346649408340454,
    0.8392090201377869,
    0.8456506729125977,
    0.8485468626022339,
    0.8509437441825867,
    0.8553380370140076,
    0.855787456035614
  ],
  "auc_pr": [
    0.6435666084289551,
    0.7451655864715576,
    0.7989352941513062,
    0.8349562883377075,
    0.8588663339614868,
    0.8680492043495178,
    0.8758542537689209,
    0.8923015594482422,
    0.8987078070640564,
    0.9054403305053711,
    0.9086061716079712,
    0.9117237329483032,
    0.9154875874519348,
    0.9172340035438538,
    0.921607255935669
  ],
  "loss": [
    0.7031304240226746,
    0.5855365991592407,
    0.5259416699409485,
    0.481360524892807,
    0.4472557604312897,
    0.4283889830112457,
    0.41616854071617126,
    0.39244669675827026,
    0.3793428838253021,
    0.37105217576026917,
    0.3628948926925659,
    0.3541281819343567,
    0.3480955958366394,
    0.3437710106372833,
    0.3396705985069275
  ],
  "val_accuracy": [
    0.4039647579193115,
    0.5374449491500854,
    0.6224669814109802,
    0.6691629886627197,
    0.7185022234916687,
    0.7352423071861267,
    0.7466960549354553,
    0.7603524327278137,
    0.7678413987159729,
    0.774449348449707,
    0.7779735922813416,
    0.7823788523674011,
    0.7850220203399658,
    0.7889868021011353,
    0.7903083562850952
  ],
  "val_auc_pr": [
    0.23220209777355194,
    0.22538217902183533,
    0.19889159500598907,
    0.17607790231704712,
    0.172691211104393,
    0.17358797788619995,
    0.16523171961307526,
    0.16408133506774902,
    0.16222171485424042,
    0.1615644246339798,
    0.16353777050971985,
    0.1618814468383789,
    0.15921124815940857,
    0.1593337059020996,
    0.16213873028755188
  ],
  "val_loss": [
    0.7796317934989929,
    0.7372665405273438,
    0.6627929210662842,
    0.606390655040741,
    0.5534132719039917,
    0.5268571972846985,
    0.5028036832809448,
    0.4862871468067169,
    0.47850432991981506,
    0.4669150114059448,
    0.4622170925140381,
    0.4551803469657898,
    0.45219576358795166,
    0.44925302267074585,
    0.4477692246437073
  ],
  "learning_rate": [
    0.0003000000142492354,
    0.0003000000142492354,
    0.0003000000142492354,
    0.0003000000142492354,
    0.0001500000071246177,
    0.0001500000071246177,
    0.0001500000071246177,
    0.0001500000071246177,
    7.500000356230885e-05,
    7.500000356230885e-05,
    7.500000356230885e-05,
    7.500000356230885e-05,
    3.7500001781154424e-05,
    3.7500001781154424e-05,
    3.7500001781154424e-05
  ]
}