{
  "accuracy": [
    0.5476952195167542,
    0.5727187395095825,
    0.600188136100769,
    0.6450611352920532,
    0.674129843711853,
    0.700564444065094,
    0.7387582063674927,
    0.7654750943183899,
    0.7965192794799805,
    0.8181561827659607,
    0.8368767499923706,
    0.8485418558120728,
    0.863593578338623,
    0.8765757083892822,
    0.8806208968162537,
    0.8900282382965088,
    0.8991533517837524,
    0.903386652469635,
    0.9098777174949646,
    0.9096895456314087,
    0.9149576425552368,
    0.9178739190101624,
    0.9192850589752197,
    0.9224835634231567,
    0.925682008266449,
    0.9259642362594604,
    0.9243649840354919,
    0.929256796836853,
    0.9309501647949219,
    0.9313264489173889,
    0.9308560490608215,
    0.93245530128479,
    0.930761992931366,
    0.93527752161026,
    0.93433678150177,
    0.9340545535087585,
    0.9336782693862915,
    0.9353715777397156,
    0.9363123178482056,
    0.9360300898551941,
    0.9383819103240967,
    0.9361242055892944,
    0.9361242055892944,
    0.9369708299636841,
    0.937535285949707,
    0.940357506275177,
    0.9386641383171082,
    0.9389463663101196,
    0.9388523101806641,
    0.9393226504325867,
    0.9395108222961426,
    0.9390404224395752,
    0.9404515624046326,
    0.9406396746635437,
    0.9410160183906555,
    0.9398871064186096,
    0.9406396746635437,
    0.9409219026565552,
    0.9415804147720337,
    0.9408278465270996,
    0.9412981867790222,
    0.940733790397644,
    0.9417685866355896,
    0.9410160183906555,
    0.9419566988945007
  ],
  "auc_pr": [
    0.08068326860666275,
    0.06339602172374725,
    0.07614807784557343,
    0.07481903582811356,
    0.07708202302455902,
    0.08143186569213867,
    0.07116192579269409,
    0.07978276908397675,
    0.07754674553871155,
    0.08394698053598404,
    0.08007963001728058,
    0.08794021606445312,
    0.07554271817207336,
    0.08178539574146271,
    0.08091849088668823,
    0.0882338285446167,
    0.086196169257164,
    0.07969550043344498,
    0.09879101067781448,
    0.09177844971418381,
    0.09525568038225174,
    0.09206555038690567,
    0.09569744020700455,
    0.09047693014144897,
    0.09787121415138245,
    0.10135053843259811,
    0.09373459219932556,
    0.11202637851238251,
    0.12450896203517914,
    0.11454075574874878,
    0.11990958452224731,
    0.11745008826255798,
    0.11934198439121246,
    0.12366819381713867,
    0.13197049498558044,
    0.1281621754169464,
    0.12849098443984985,
    0.1309317648410797,
    0.13830196857452393,
    0.1312333047389984,
    0.14640533924102783,
    0.13701185584068298,
    0.14638957381248474,
    0.1433255523443222,
    0.16529712080955505,
    0.16584762930870056,
    0.15863528847694397,
    0.1650988757610321,
    0.16340763866901398,
    0.17583808302879333,
    0.1804342418909073,
    0.1649874448776245,
    0.18009725213050842,
    0.1744595766067505,
    0.18821105360984802,
    0.1875419318675995,
    0.2109202742576599,
    0.20398825407028198,
    0.20976611971855164,
    0.19757050275802612,
    0.21340420842170715,
    0.19620439410209656,
    0.20899292826652527,
    0.20264771580696106,
    0.2159252017736435
  ],
  "loss": [
    2.518658399581909,
    2.2963061332702637,
    2.113369941711426,
    1.9492707252502441,
    1.8136149644851685,
    1.6838840246200562,
    1.563761591911316,
    1.4516656398773193,
    1.353068232536316,
    1.260816216468811,
    1.1782821416854858,
    1.1061378717422485,
    1.0423004627227783,
    0.9843276143074036,
    0.930149495601654,
    0.878463625907898,
    0.8270423412322998,
    0.7809048295021057,
    0.7341391444206238,
    0.6914049386978149,
    0.6483298540115356,
    0.6095196604728699,
    0.5719558596611023,
    0.5356404781341553,
    0.5008869171142578,
    0.4695775508880615,
    0.4399522542953491,
    0.4097982943058014,
    0.3798828721046448,
    0.35776790976524353,
    0.33526381850242615,
    0.3147771954536438,
    0.2965143620967865,
    0.2767680287361145,
    0.2594263255596161,
    0.2459622174501419,
    0.23300310969352722,
    0.21969027817249298,
    0.20852342247962952,
    0.1987512707710266,
    0.18759024143218994,
    0.17957109212875366,
    0.16967108845710754,
    0.16376040875911713,
    0.15505360066890717,
    0.14848746359348297,
    0.14246194064617157,
    0.13669563829898834,
    0.130508691072464,
    0.12478648871183395,
    0.12039899080991745,
    0.11589369177818298,
    0.11161645501852036,
    0.10825163125991821,
    0.1035224124789238,
    0.09968956559896469,
    0.0959426686167717,
    0.0931541696190834,
    0.09033249318599701,
    0.0886835977435112,
    0.08531874418258667,
    0.08332644402980804,
    0.08158118277788162,
    0.07918330281972885,
    0.07763049751520157
  ],
  "val_accuracy": [
    0.7370043992996216,
    0.9132158756256104,
    0.9224669337272644,
    0.9233480095863342,
    0.9229074716567993,
    0.9237885475158691,
    0.924229085445404,
    0.9299559593200684,
    0.9321585893630981,
    0.9325991272926331,
    0.9334802031517029,
    0.9343612194061279,
    0.9348017573356628,
    0.9348017573356628,
    0.9348017573356628,
    0.9348017573356628,
    0.9348017573356628,
    0.9348017573356628,
    0.9348017573356628,
    0.9348017573356628,
    0.9348017573356628,
    0.9348017573356628,
    0.9348017573356628,
    0.9348017573356628,
    0.9348017573356628,
    0.9348017573356628,
    0.9348017573356628,
    0.9348017573356628,
    0.9348017573356628,
    0.9348017573356628,
    0.9348017573356628,
    0.9348017573356628,
    0.9348017573356628,
    0.9348017573356628,
    0.9348017573356628,
    0.9348017573356628,
    0.9348017573356628,
    0.9348017573356628,
    0.9348017573356628,
    0.9348017573356628,
    0.9348017573356628,
    0.9348017573356628,
    0.9348017573356628,
    0.9348017573356628,
    0.9348017573356628,
    0.9348017573356628,
    0.9348017573356628,
    0.9348017573356628,
    0.9348017573356628,
    0.9348017573356628,
    0.9348017573356628,
    0.9348017573356628,
    0.9348017573356628,
    0.9348017573356628,
    0.9348017573356628,
    0.9348017573356628,
    0.9348017573356628,
    0.9348017573356628,
    0.9348017573356628,
    0.9348017573356628,
    0.9348017573356628,
    0.9348017573356628,
    0.9348017573356628,
    0.9348017573356628,
    0.9348017573356628
  ],