{
  "accuracy": [
    0.5198494791984558,
    0.5523048043251038,
    0.5798683166503906,
    0.6158043146133423,
    0.6493885517120361,
    0.6713076233863831,
    0.708278477191925,
    0.7310442328453064,
    0.7574788331985474,
    0.7813735008239746,
    0.8031044006347656,
    0.8243650197982788,
    0.8362182378768921,
    0.8536218404769897,
    0.8689557909965515,
    0.87149578332901,
    0.8832549452781677,
    0.8955785632133484,
    0.901505172252655,
    0.9070554971694946,
    0.9135465621948242,
    0.9162746667861938,
    0.9180620908737183,
    0.9191909432411194,
    0.9223894476890564,
    0.9270931482315063,
    0.926999032497406,
    0.9283161163330078,
    0.9313264489173889,
    0.9334900975227356,
    0.93339604139328,
    0.931138277053833,
    0.9359360337257385,
    0.9353715777397156,
    0.93809974193573,
    0.9366886019706726,
    0.9360300898551941,
    0.9393226504325867,
    0.9402633905410767,
    0.9412981867790222,
    0.9392285943031311,
    0.939793050289154,
    0.9419566988945007,
    0.9447789192199707,
    0.9429915547370911,
    0.9448729753494263,
    0.9460018873214722,
    0.9449670910835266,
    0.9462841153144836,
    0.9444966912269592,
    0.9470366835594177,
    0.9474129676818848,
    0.9489181637763977,
    0.9472248554229736,
    0.9493885040283203,
    0.9471307396888733
  ],
  "auc_pr": [
    0.06924588978290558,
    0.08041682839393616,
    0.0879083052277565,
    0.09519946575164795,
    0.08469501882791519,
    0.08558088541030884,
    0.08807574212551117,
    0.09530334919691086,
    0.10056932270526886,
    0.09601311385631561,
    0.10479472577571869,
    0.11303944885730743,
    0.09587357938289642,
    0.11490498483181,
    0.10983972251415253,
    0.10508982837200165,
    0.10916304588317871,
    0.1300373673439026,
    0.1327899545431137,
    0.13052132725715637,
    0.13715443015098572,
    0.1465996354818344,
    0.14298416674137115,
    0.13922196626663208,
    0.16293218731880188,
    0.17417208850383759,
    0.1654278039932251,
    0.18516060709953308,
    0.17933841049671173,
    0.22321340441703796,
    0.20429901778697968,
    0.1982688307762146,
    0.21892613172531128,
    0.23774270713329315,
    0.2566260099411011,
    0.24407902359962463,
    0.24646024405956268,
    0.2474164068698883,
    0.2839367985725403,
    0.27666956186294556,
    0.29123708605766296,
    0.29394209384918213,
    0.3261021375656128,
    0.36016201972961426,
    0.3465980291366577,
    0.35809755325317383,
    0.40370866656303406,
    0.3947932720184326,
    0.40641093254089355,
    0.39645132422447205,
    0.41992756724357605,
    0.432453453540802,
    0.44122689962387085,
    0.4340745508670807,
    0.48882025480270386,
    0.4521842300891876
  ],
  "loss": [
    1.0621141195297241,
    0.9624550938606262,
    0.8997396230697632,
    0.8487964272499084,
    0.8115711808204651,
    0.7817032933235168,
    0.7516740560531616,
    0.7252049446105957,
    0.6958335041999817,
    0.6766142845153809,
    0.6513319611549377,
    0.6314801573753357,
    0.6155269742012024,
    0.5998966097831726,
    0.5840197205543518,
    0.5708309412002563,
    0.5554766654968262,
    0.5398327708244324,
    0.5296787023544312,
    0.5191392302513123,
    0.5071569085121155,
    0.49856895208358765,
    0.4909878671169281,
    0.48330849409103394,
    0.47266310453414917,
    0.46466827392578125,
    0.45914196968078613,
    0.45112866163253784,
    0.44457149505615234,
    0.4366021156311035,
    0.4335673749446869,
    0.42812496423721313,
    0.4244833290576935,
    0.41661691665649414,
    0.4093261659145355,
    0.4065011143684387,
    0.402118980884552,
    0.3983221650123596,
    0.3912932574748993,
    0.38763728737831116,
    0.3825724124908447,
    0.37697547674179077,
    0.3710203468799591,
    0.3665919899940491,
    0.36285391449928284,
    0.3588589131832123,
    0.3528262674808502,
    0.3497469425201416,
    0.3460965156555176,
    0.3421708345413208,
    0.33917397260665894,
    0.33471909165382385,
    0.33094778656959534,
    0.32651078701019287,
    0.3193839490413666,
    0.3198593258857727
  ],
  "val_accuracy": [
    0.7370043992996216,
    0.7859030961990356,
    0.8110132217407227,
    0.8352422714233398,
    0.8594713807106018,
    0.87533038854599,
    0.8925110101699829,
    0.9057268500328064,
    0.9136564135551453,
    0.9207048416137695,
    0.9220264554023743,
    0.9325991272926331,
    0.9286343455314636,
    0.9325991272926331,
    0.9370043873786926,
    0.9348017573356628,
    0.9370043873786926,
    0.9378854632377625,
    0.9374449253082275,
    0.9374449253082275,
    0.9374449253082275,
    0.9378854632377625,
    0.9374449253082275,
    0.9352422952651978,
    0.9374449253082275,
    0.9365638494491577,
    0.9365638494491577,
    0.9361233711242676,
    0.9361233711242676,
    0.9352422952651978,
    0.9356828331947327,
    0.9356828331947327,
    0.9356828331947327,
    0.9365638494491577,
    0.9352422952651978,
    0.9356828331947327,
    0.9361233711242676,
    0.9365638494491577,
    0.9365638494491577,
    0.9374449253082275,
    0.9356828331947327,
    0.9370043873786926,
    0.9370043873786926,
    0.9370043873786926,
    0.9370043873786926,
    0.9365638494491577,
    0.9352422952651978,
    0.9352422952651978,
    0.9356828331947327,
    0.9352422952651978,
    0.9343612194061279,
    0.9348017573356628,
    0.9352422952651978,
    0.9352422952651978,
    0.9343612194061279,
    0.9352422952651978
  ],
  "val_auc_pr": [
    0.0630253404378891,
    0.0925939753651619,
    0.09844233095645905,
    0.12254437804222107,
    0.11850868910551071,
    0.13503143191337585,
    0.14315956830978394,
    0.1493404358625412,
    0.1573963165283203,
    0.15219596028327942,
    0.15753856301307678,
    0.16362714767456055,
    0.1633351743221283,
    0.16788950562477112,
    0.18239112198352814,
    0.1752127856016159,
    0.18344677984714508,
    0.18073011934757233,
    0.17772701382637024,
    0.1736360788345337,
    0.17934542894363403,
    0.18584036827087402,
    0.1891573965549469,
    0.18511921167373657,
    0.18698465824127197,
    0.18718376755714417,
    0.18307355046272278,
    0.18198099732398987,
    0.19586339592933655,
    0.18398907780647278,
    0.19212806224822998,
    0.19864079356193542,
    0.20922157168388367,
    0.200648695230484,
    0.202449768781662,
    0.20673531293869019,
    0.2068811058998108,
    0.21601682901382446,
    0.21217824518680573,
    0.21412086486816406,
    0.20972512662410736,
    0.21029266715049744,
    0.20462991297245026,
    0.20535987615585327,
    0.20631733536720276,
    0.21732917428016663,
    0.20726549625396729,
    0.20131713151931763,
    0.19938606023788452,
    0.19815191626548767,
    0.21198225021362305,
    0.2124605029821396,
    0.2048264592885971,
    0.21297413110733032,
    0.2027759552001953,
    0.21135753393173218
  ],