{
  "accuracy": [
    0.5892839431762695,
    0.6486068367958069,
    0.6700788736343384,
    0.6926495432853699,
    0.7052831053733826,
    0.7269050478935242,
    0.7417357563972473,
    0.7544192671775818,
    0.7693498730659485,
    0.7829821109771729,
    0.7888244986534119,
    0.8052531480789185,
    0.8147408366203308,
    0.8227304220199585
  ],
  "auc_pr": [
    0.6151298880577087,
    0.6774634122848511,
    0.7089248895645142,
    0.7448364496231079,
    0.7610496878623962,
    0.7806914448738098,
    0.7986605763435364,
    0.8115930557250977,
    0.8319923877716064,
    0.8415483832359314,
    0.8529344201087952,
    0.8651328682899475,
    0.8748418092727661,
    0.8855466842651367
  ],
  "loss": [
    0.8135217428207397,
    0.6891425848007202,
    0.633553683757782,
    0.590744137763977,
    0.5675799250602722,
    0.5396799445152283,
    0.5172836780548096,
    0.4991160035133362,
    0.47472500801086426,
    0.4570747911930084,
    0.4427765905857086,
    0.42173564434051514,
    0.40632253885269165,
    0.3902849853038788
  ],
  "val_accuracy": [
    0.48149779438972473,
    0.5022026300430298,
    0.5555065870285034,
    0.6052863597869873,
    0.6396476030349731,
    0.6634361147880554,
    0.6757709383964539,
    0.7017621397972107,
    0.7123348116874695,
    0.7259911894798279,
    0.7229074835777283,
    0.7440528869628906,
    0.757709264755249,
    0.7682819366455078
  ],
  "val_auc_pr": [
    0.15735790133476257,
    0.18768489360809326,
    0.1961839199066162,
    0.20119991898536682,
    0.19468478858470917,
    0.18669524788856506,
    0.1875128448009491,
    0.18471357226371765,
    0.17347973585128784,
    0.16870498657226562,
    0.1652728021144867,
    0.1625446081161499,
    0.16360363364219666,
    0.16116474568843842
  ],
  "val_loss": [
    0.7083141207695007,
    0.701685905456543,
    0.6746675372123718,
    0.6397480368614197,
    0.612288236618042,
    0.5838251113891602,
    0.5689226984977722,
    0.5365211963653564,
    0.5199326276779175,
    0.5050308704376221,
    0.49673038721084595,
    0.4774124324321747,
    0.4641815721988678,
    0.4549398124217987
  ],
  "learning_rate": [
    0.0003000000142492354,
    0.0003000000142492354,
    0.0003000000142492354,
    0.0003000000142492354,
    0.0003000000142492354,
    0.0003000000142492354,
    0.0003000000142492354,
    0.0003000000142492354,
    0.0003000000142492354,
    0.0003000000142492354,
    0.0003000000142492354,
    0.0003000000142492354,
    0.0003000000142492354,
    0.0003000000142492354
  ]
}